{"cameraMode":{"drawMode":0,"name":"Shaded","section":"Shading Mode"},"sceneLighting":true,"audioPlay":false,"sceneViewState":{"showFog":true,"showMaterialUpdate":false,"showSkybox":true,"showFlares":true,"showImageEffects":true,"showParticleSystems":true},"in2DMode":false,"pivot":{"x":-8.917832374572754,"y":-0.9934215545654297,"z":32.81843185424805},"rotation":{"x":-0.23454074561595918,"y":-0.7074650526046753,"z":0.2725827097892761,"w":-0.608534574508667},"size":19.21167755126953,"orthographic":false}